symbol,year,binance,bybit,okx,binance_neg_day_share
ADAUSDT,2021,0.39919735,0.5587386531141868,0.22325421555691338,0.0684931506849315
ADAUSDT,2022,-0.009630519999999997,0.010697480000000007,-0.050382471862574545,0.4301369863013699
ADAUSDT,2023,0.07182699000000001,0.09890002,0.03362412772785899,0.1643835616438356
ADAUSDT,2024,0.13954607199453553,0.14428803032786888,0.1275330086881009,0.060109289617486336
ADAUSDT,2025,0.04122410000000001,0.04242668000000001,0.03990374265453479,0.2273972602739726
ADAUSDT,2026,0.014844252304964544,0.02606824822695036,,0.36879432624113473
AVAXUSDT,2021,0.31046799999999997,0.37393307083333327,0.22748548070477684,0.136986301369863
AVAXUSDT,2022,-0.05180943,-0.02998755,-0.1166773464284494,0.5068493150684932
AVAXUSDT,2023,0.07450561,0.10563367000000001,0.059039256782628696,0.17534246575342466
AVAXUSDT,2024,0.10528911666666668,0.10719368866120219,0.04394850857165963,0.23770491803278687
AVAXUSDT,2025,0.0010933000000000032,0.018963770000000005,0.0023698819364567606,0.38904109589041097
AVAXUSDT,2026,0.011918725531914894,0.02546689131205674,,0.3900709219858156
BNBUSDT,2021,0.21716376999999998,0.061674854569892475,,0.3178082191780822
BNBUSDT,2022,-0.12623302,-0.0865204,,0.6904109589041096
BNBUSDT,2023,-0.08345332999999999,-0.12181971,-0.1103852007779423,0.37534246575342467
BNBUSDT,2024,-0.033224314480874324,0.0195364056010929,-0.01196736298072509,0.29508196721311475
BNBUSDT,2025,-0.020849149999999993,0.017400890000000006,-0.008463086225934639,0.29863013698630136
BNBUSDT,2026,0.028980339893617018,0.027228404609929084,,0.02127659574468085
BTCUSDT,2021,0.30608422999999996,0.38298526000000005,0.22415837711318773,0.07945205479452055
BTCUSDT,2022,0.041649250000000006,0.02946321,0.01599787476745515,0.19726027397260273
BTCUSDT,2023,0.07865712000000001,0.08883011000000002,0.06017360907189169,0.07671232876712329
BTCUSDT,2024,0.11924213920765028,0.1198669474043716,0.11500908678168772,0.06557377049180328
BTCUSDT,2025,0.05126428000000001,0.05115692,0.05301739396604327,0.0821917808219178
BTCUSDT,2026,0.029220877482269505,0.02462499680851064,,0.24113475177304963
DOGEUSDT,2021,0.38511943000000004,0.3444244701877934,0.22897536073755562,0.10410958904109589
DOGEUSDT,2022,0.03447685,0.08737317000000001,0.021954249652242987,0.2493150684931507
DOGEUSDT,2023,0.09997127000000001,0.10698095999999999,0.09572727185495669,0.07397260273972603
DOGEUSDT,2024,0.1399733214480874,0.16080929658469947,0.1432306308351244,0.06557377049180328
DOGEUSDT,2025,0.04340107,0.04903543,0.06116219135470042,0.1863013698630137
DOGEUSDT,2026,0.030678910106382976,0.02803786329787234,,0.2978723404255319
ENAUSDT,2024,-0.27816462171532846,-0.1785314908759124,,0.6313868613138686
ENAUSDT,2025,-0.13775463000000002,-0.13772384000000001,,0.5068493150684932
ENAUSDT,2026,0.027786634574468092,0.020437980851063835,,0.26595744680851063
ETHUSDT,2021,0.37537255,0.42982913000000006,0.23158554132695308,0.03287671232876712
ETHUSDT,2022,0.007872560000000002,0.019441940000000005,-0.0425285998131122,0.33424657534246577
ETHUSDT,2023,0.08259507,0.08609377,0.06554573546083531,0.06301369863013699
ETHUSDT,2024,0.12961408292349727,0.12466599931693989,0.1220975608751961,0.030054644808743168
ETHUSDT,2025,0.049287189999999995,0.048267050000000006,0.04844396203645392,0.10410958904109589
ETHUSDT,2026,0.019659301241134755,0.02423225939716312,,0.30141843971631205
HYPEUSDT,2024,,,,0.0
HYPEUSDT,2025,0.13350564444444443,0.15232836000000002,0.07834819998041541,0.030136986301369864
HYPEUSDT,2026,0.04544675833333334,0.027608548226950358,,0.23049645390070922
LSKUSDT,2024,0.035247644444444455,0.07779464601648353,0.06422811825471182,0.20054945054945056
LSKUSDT,2025,-0.7017371500000001,-0.8263384699999998,-0.09103078121420494,0.42191780821917807
LSKUSDT,2026,-1.0213285682624114,-1.1670524237588653,,0.524822695035461
NEARUSDT,2021,0.37661958,0.5628123731707314,0.389621532202182,0.049315068493150684
NEARUSDT,2022,-0.04226372,-0.005623419999999989,-0.03239356737075892,0.4136986301369863
NEARUSDT,2023,0.06852973000000002,0.09765955000000003,0.0735563912564468,0.20273972602739726
NEARUSDT,2024,0.14014438278688526,0.16521988278688526,0.12542053296647274,0.08743169398907104
NEARUSDT,2025,0.021163410000000004,0.04681801,0.028436685890682326,0.3178082191780822
NEARUSDT,2026,0.03933346134751774,0.03629527641843972,,0.23049645390070922
ONDOUSDT,2024,0.24000020662824206,0.1494226283430233,-0.004551823511324511,0.25936599423631124
ONDOUSDT,2025,-0.07625071999999998,-0.023315029999999994,-0.059931931796374203,0.3780821917808219
ONDOUSDT,2026,0.008572257978723404,0.026748170744680853,,0.3404255319148936
PUMPUSDT,2025,0.14299693484848486,0.01661351574074074,0.08916799340337392,0.09056603773584905
PUMPUSDT,2026,0.049571206560283694,,,0.16312056737588654
QNTUSDT,2022,-0.302879,,,0.6712328767123288
QNTUSDT,2023,0.01051365000000001,0.07893225561224491,,0.3424657534246575
QNTUSDT,2024,0.12349176639344264,0.14527423838797818,,0.10655737704918032
QNTUSDT,2025,0.026699450000000007,0.05068955000000001,,0.336986301369863
QNTUSDT,2026,-0.007840407092198576,0.027253022695035472,,0.33687943262411346
SOLUSDT,2021,0.28594696999999997,0.364858317204301,0.4169597792434039,0.06027397260273973
SOLUSDT,2022,-0.37997537000000003,-0.362683,-0.38838551750611927,0.44931506849315067
SOLUSDT,2023,0.01296501,0.04522432000000002,-0.0029817043247201084,0.3041095890410959
SOLUSDT,2024,0.13619708729508195,0.14008110614754096,0.14993588681167977,0.07923497267759563
SOLUSDT,2025,0.003507030000000004,0.01942831000000001,0.015068188185175356,0.3917808219178082
SOLUSDT,2026,-0.010393556205673758,-0.0013069070921985799,,0.475177304964539
SUIUSDT,2023,0.04316045390946501,0.09419323683127573,0.04001162103272959,0.345679012345679
SUIUSDT,2024,0.10262658128415302,0.15255266748633883,0.0804350259805179,0.22950819672131148
SUIUSDT,2025,0.03373881000000001,0.04660290000000001,0.024778514319891483,0.2410958904109589
SUIUSDT,2026,0.028998486347517734,0.0468219670212766,,0.2624113475177305
TAOUSDT,2024,0.1272628420754717,0.39132421157270036,0.16655962149750084,0.03857566765578635
TAOUSDT,2025,0.008809050000000007,0.05449505000000002,0.01596276876543304,0.2821917808219178
TAOUSDT,2026,-0.019377617021276588,0.007762902836879451,,0.37943262411347517
UNIUSDT,2021,0.4200817,0.3268642442906574,0.3606691687493173,0.01643835616438356
UNIUSDT,2022,0.06533501,0.06891105000000002,0.016310904315322276,0.14794520547945206
UNIUSDT,2023,0.09936636000000001,0.10420794000000003,0.09007611943387679,0.0684931506849315
UNIUSDT,2024,0.1345506680327869,0.1258163077868853,0.12158125124690893,0.04644808743169399
UNIUSDT,2025,0.06272810000000001,0.046289500000000004,0.04336295995346619,0.0958904109589041
UNIUSDT,2026,0.04321716489361703,0.025943255141843972,,0.1879432624113475
WLDUSDT,2023,0.019388278571428583,0.07365176304347827,0.030269757400899665,0.4472049689440994
WLDUSDT,2024,0.13097551297814208,0.11647901939890713,0.1455041638807578,0.16939890710382513
WLDUSDT,2025,0.03302637000000001,0.05528872000000001,0.059241357397080856,0.2493150684931507
WLDUSDT,2026,-0.06179536719858155,-0.057920982801418434,,0.4929078014184397
XRPUSDT,2021,0.48139671,0.29922513583690974,0.3353778329164955,0.03561643835616438
XRPUSDT,2022,0.00014603000000000885,0.033870550000000006,-0.0199563557957457,0.3917808219178082
XRPUSDT,2023,0.08198266,0.11888449,0.0627967166914668,0.14246575342465753
XRPUSDT,2024,0.14190375259562843,0.14578465997267762,0.13829076283776934,0.03825136612021858
XRPUSDT,2025,0.03528308,0.043827780000000004,0.03866826673914174,0.2602739726027397
XRPUSDT,2026,-0.0016438202127659564,0.011047643971631207,,0.48226950354609927
ZECUSDT,2021,0.37205036999999996,0.15166969868421049,0.37380360941884627,0.005479452054794521
ZECUSDT,2022,0.051150640000000004,0.06542515,-0.03322944142101142,0.1780821917808219
ZECUSDT,2023,0.10860742000000001,0.13697769,0.10114773797920437,0.07397260273972603
ZECUSDT,2024,0.14584099562841532,0.24491927827868856,,0.03278688524590164
ZECUSDT,2025,-0.17614494,-0.13376972999999995,,0.30684931506849317
ZECUSDT,2026,-0.026108139361702126,0.0038491450354610035,,0.34397163120567376
