strateji,kaldirac,tasfiye_mesafe_btc,WF_CAGR,WF_maxDD,WF_en_kotu_ay,WF_tasfiye,gecikme60_tasfiye,kuralsiz_tasfiye,neg_funding_payi,maliyet_funding,HOLDOUT_12ay
BTC+ETH,1x,99.0,3.43,-0.37,-0.21,0,0,3,14.0,4.37,1.08
BTC+ETH,2x,49.25,4.37,-0.5,-0.28,0,0,8,14.0,4.49,1.33
BTC+ETH,3x,32.67,4.84,-0.56,-0.32,0,0,12,14.0,4.52,1.44
BTC+ETH,5x,19.4,5.29,-0.61,-0.35,0,0,19,14.0,4.53,1.58
BTC+ETH,8x,11.94,5.59,-0.65,-0.38,0,1,33,14.0,4.53,1.69
BTC+ETH,10x,9.45,5.13,-2.14,-1.64,1,3,42,14.0,5.21,1.71
BTC+ETH,15x,6.14,4.72,-2.5,-1.57,5,9,65,14.0,8.34,1.76
BTC+ETH,20x,4.48,4.18,-2.4,-1.04,9,19,89,14.0,11.42,1.79
BTC+ETH,dyn_c8,,4.85,-0.53,-0.31,0,0,15,14.0,4.36,1.46
BTC+ETH,dyn_c4,,5.43,-0.61,-0.36,0,0,34,14.0,4.44,1.64
Altcoin seçimi,1x,97.53,0.26,-7.0,-3.46,1,1,8,28.34,37.64,-0.57
Altcoin seçimi,2x,48.15,1.07,-4.84,-2.8,2,1,28,30.24,41.07,-0.43
Altcoin seçimi,3x,31.69,1.48,-5.41,-3.18,4,3,54,34.33,43.13,-0.52
Altcoin seçimi,5x,18.52,0.37,-10.71,-3.54,8,13,116,36.82,63.0,-6.18
Altcoin seçimi,8x,11.11,0.32,-6.75,-4.12,12,31,122,22.79,50.39,-5.01
Altcoin seçimi,10x,8.64,-0.86,-10.02,-3.4,33,73,278,32.87,62.91,-2.82
Altcoin seçimi,15x,5.35,-7.65,-30.7,-11.08,79,141,230,18.12,85.27,0.04
Altcoin seçimi,20x,3.7,-11.92,-39.57,-8.45,175,279,359,15.78,155.13,-0.7
Altcoin seçimi,dyn_c8,,0.09,-8.15,-3.48,1,1,17,31.48,44.76,-1.21
Altcoin seçimi,dyn_c4,,-0.13,-5.09,-3.0,4,4,69,30.02,40.19,-0.61
